"source","target","context","translator_comments","developer_comments"
"Community","Community","","",""
"Event","Event","","",""
"blog","Blog","","",""
"Strong verification","Starke Verifizierung","","",""
"events","Events","","",""
"communities","Communitys","","",""
"Push","Push","","",""
"trips","Trips","","",""
"trip","Trip","","",""
"host","Host","","",""
"hosts","Hosts","","",""
"discussion","Beitrag","","",""
"reference","Referenz","","",""
"hosted","gehosted","","",""
"host request","","","",""
